track_id,title,song_id,release,artist_id,artist_mbid,artist_name,duration,artist_familiarity,artist_hotttnesss,year,track_7digitalid,shs_perf,shs_work
TRMMGCB128E079651D,Get Along (Feat: Pace Won) (Instrumental),SOHNWIM12A67ADF7D9,Charango,ARU3C671187FB3F71B,067102ea-9519-4622-9077-57ca4164cfbb,Morcheeba,227.47383,0.819087196,0.533117125,2002,185967,-1,0
TRMMGTX128F92FB4D9,Viejo,SOECFIW12A8C144546,Caraluna,ARPAAPH1187FB3601B,f69d655c-ffd6-4bee-8c2a-3086b2be2fc6,Bacilos,307.51302,0.595554054,0.400705227,0,6825058,-1,0
TRMMGDP128F933E59A,I Say A Little Prayer,SOGWEOB12AB018A4D0,The Legendary Hi Records Albums_ Volume 3: Full Of Fire + Have A Good Time + The Belle Album + Truth n Time,ARNNRN31187B9AE7B7,fb7272ba-f130-4f0a-934d-6eeea4c18c9a,Al Green,133.58975,0.779490377,0.599210493,1978,5211723,-1,11898
TRMMHBF12903CF6E59,At the Ball_ That's All,SOJGCRL12A8C144187,Best of Laurel & Hardy - The Lonesome Pine,AR1FEUF1187B9AF3E3,4a8ae4fd-ad6f-4912-851f-093f12ee3572,Laurel & Hardy,123.71546,0.438709417,0.307119842,0,8645877,-1,0
TRMMHKG12903CDB1B5,Black Gold,SOHNFBA12AB018CD1D,Total Life Forever,ARVXV1J1187FB5BF88,6a65d878-fcd0-42cf-aff9-ca1d636a8bcc,Foals,386.32444,0.842577664,0.514522578,2010,9007438,-1,0
TRMMCBU128E0791823,Do You Know,SOSEDAW12A6701C8BB,Wake Up And Smell The Coffee,ARCBIPV1187B9AC2D1,c98d40fd-f6cf-4b26-883e-eaa515ee2851,The Cranberries,189.12608,0.830759466,0.577364124,2001,160212,-1,0
TRMMCDR128F423AB03,Anyone Else But You,SOSZNRJ12A8AE46E38,Juno - Music From The Motion Picture,AR62GN71187B9AAD0C,70fada2a-5b8c-4988-a2d7-79576d7f6daf,Michael Cera & Ellen Page,116.71465,0.540440724,0.464981119,2007,2028040,-1,0
TRMMRPV128F93110FE,The American,SOOAIPI12AB017C018,3,ARTZRS11187FB4C8A9,77cceea7-91bb-4a4c-ae41-bc9c46c1ccb5,Nouvelle Vague,223.03302,0.828691577,0.488331624,0,5474213,98399,98398
TRMMRAC128F4238209,The Way He Was Raised,SOOXEWU12A81C21671,Everything Is Fine,ARKZ13R1187FB54FEE,a19d4ee1-091c-4884-a1cd-e959fd581576,Josh Turner,271.35955,0.791801556,0.637302343,0,2630883,-1,0
TRMMFSL128F4234583,Drunk and Hot Girls,SOGKGLB12A81C22AFA,Graduation,ARRH63Y1187FB47783,164f0d73-1234-4e2c-8743-d77bf2191051,Kanye West / Mos Def,313.28608,0.877213746,1.082502557,2007,1356708,-1,0
TRMMFAR128F42986F7,Knowledge,SOXQBTU12A8C13F5E0,Operation Ivy,ARXANMY1187B9AEFDA,931e1d1f-6b2f-4ff8-9f70-aa537210cd46,Operation Ivy,102.1122,0.677054112,0.473101335,1989,1828955,12133,12133
TRMMQSP128F1486267,Until The Day I Die (Album Version),SOWZDNH12A6D4F7237,Page Avenue,ARF6ZTO1187FB3684F,e2c3c508-f0ab-49af-92c9-a81d66d67405,Story Of The Year,235.78077,0.806762596,0.580095045,2003,471119,-1,0
TRMMQOL128F9340687,Rewind (Demo),SOQBGZD12AB0184341,Riot!,AR4OU721187FB4549D,728ea90d-279b-4201-a8c4-597830883150,Paramore,226.95138,0.951487818,0.658924824,0,5669453,-1,0
TRMMQFP128F92F0413,This Cocaine Makes Me Feel Like I'm On This Song,SOCAXWE12A8C13CEC0,Mezmerize,AR9C8IE1187B9ACC99,cc0b7089-c08d-4c10-b6b0-873582c17fd6,System of a Down,128.23465,0.909957523,0.587916679,2005,4329838,-1,0
TRMMZNN128F42887EF,Gemini (Birthday Song),SOWKNBL12A8C13D663,Elephant Eyelash,AR0B3RS1187FB48F5D,86d2b4bc-a3ed-43b7-881c-f1d7f2ce3adc,Why?,327.52281,0.822034962,0.47701979,0,2399441,-1,0
TRMMZKU128F4296801,Never Knew Love,SOTPWHK12A8AE46DC8,Love Songs,ARWPYQI1187FB4D55A,db92a151-1ac2-438b-bc43-b82e149ddd50,Rick Astley,185.67791,0.754917645,0.507464243,1991,3373583,-1,0
TRMMIPY128F423739E,Never Seen The Light Of Day (Radio Edit),SOWILYC12A6D4FC186,Never Seen The Light Of Day,ARR6MOS1187B994C51,ea854cc1-13fc-4fd0-86a5-d2c7dba06764,Mando Diao,211.59138,0.807779928,0.486825413,2007,1999698,-1,0
TRMMABF128F425862B,Heroes Get Remembered_ Legends Never Die,SOBQZKH12A8AE48A02,Rise Or Die Trying,ARF4I701187FB3AEFF,c0a138e2-cef7-471b-8fbb-524e1076256a,Four Year Strong,215.87546,0.672684956,0.573962548,2007,3099052,-1,0
TRMMALW128F92FD049,Out Of My Mind,SOVUCRS12A58A7D207,Where The Light Is: John Mayer Live In Los Angeles,ARZENOX1187B98A645,8a81edd9-6f62-4ac7-afee-17dc0fec5fe7,John Mayer,610.53342,0.837947909,0.787679354,0,3821478,-1,0
TRMMNPQ12903CAFD18,Cold War,SOJLPCD12AB01836A2,Big Echo,ARRCJQD1187FB47609,0e6b3a2c-6a42-4b43-a4f6-c6625c5855de,The Morning Benders,104.12363,0.624650018,0.516554598,2010,8354119,-1,0
TRMMPDJ128F429472E,Help Is On Its Way,SOJWEBW12A8C13AEEC,Definitive Greatest Hits,AR06XSY1187B9B279E,0b5df3f3-7f4c-4ffb-9279-dbab6cd9bea5,Little River Band,241.57995,0.572198104,0.421802205,1980,1136551,-1,0
TRMMTUS128F9365841,Don't Upset The Rhythm (Go Baby Go),SOOLSML12A8C1414DC,Barbie Lets All Party!,ARLNY561187B9B0355,5221de81-b3cb-48d6-8e60-7c04b5daf02a,Noisettes,190.1971,0.788485246,0.470107802,2009,7262078,-1,0
TRMMTKA128F42A51E7,Warrior,SOSCMSY12A8C13C1E9,Live at Stubb's,AR6J3X81187FB59A7B,e8993e9d-9313-4447-ad23-791459a3790d,Matisyahu,478.79791,0.830592506,0.639798164,2004,3434707,-1,0
TRMMTRI128F4281A55,Heartstopper,SODTWKY12AF729FE39,Fisherman's Woman,ARX395D1187FB41D91,b2a9731b-9e13-4ff9-af21-5e694a5663e8,Emiliana Torrini,182.46485,0.723279138,0.524417303,2005,2948283,-1,0
TRMMUGI128F9303F17,Monsters (Soundtrack Album Version),SOSOUDK12AAF3B353B,The Twilight Saga: New Moon Original Motion Picture Soundtrack,ARXBUHE12472CE340D,486ada94-65a6-4082-9d6d-371e0f0cf648,Hurricane Bells,196.12689,0.576671367,0.466748917,0,6860648,-1,0
TRMMUBQ128F42B81FD,The Driveway,SOPXGQV12A58A7C985,Breakout,ARYAVBS1187FB5B46C,7e9bd05a-117f-4cce-87bc-e011527a8b18,Miley Cyrus,223.05914,0.877591126,0.711128208,2008,3512833,-1,0
TRMMUMK12903CA7B75,Here I Am,SOQMFQX12AB0189E9A,Born In Babylon (Bonus Track Version),ARVWNTI1269FB34C59,,SOJA,288.60036,0.612640524,0.436782949,0,8796240,-1,0
TRMMUUK128F9345143,Forget About It,SOGXEUC12A58A756DA,Forget About It,ARFMT4W1187FB42FA8,6b064ead-91a4-4ac8-8076-b1febe4f4aac,Alison Krauss,208.50893,0.677336327,0.475318006,1999,6174161,-1,0
TRMMLZZ128F93049D5,Nostalgia Amnesia,SOTUYMM12AAF3B336B,Melancholydisco,ARD7IFY1187B99E0CE,f74784e9-600c-4bdf-a324-b1dd430362a4,Viola,260.25751,0.523926039,0.351802721,0,6863489,-1,0
TRMMLUW128E078EF9E,Steelo,SOJLIQT12A6702136D,No Doubt,ARM6WM71187B98C071,4822d466-5c1f-4e04-80e9-e33e8295c26b,702,258.01098,0.629411546,0.426905623,1996,148725,-1,0
TRMMJGN12903CCFB4B,Love vs. Money: Part 2,SOGELNH12AB017F92C,Love Vs Money,ARSA4701187FB571FF,66a4b9d2-d5a6-40b8-93d5-0bdd1dbb4b43,The-Dream,252.00281,0.851369591,0.583639904,0,6535118,-1,0
TRMMJQR128F93421C6,A Song For Sleeping (LP Version),SOZIMRD12AB01876CD,Shangri-LA DEE DA,ARTAFV91187B9BA17C,8c32bb01-58a3-453b-8050-8c0620edb0e5,Stone Temple Pilots,255.32036,0.789104458,0.57619657,2001,5676455,-1,0
TRMMJHB128F42411E8,Cross Bones Style,SODQBJT12A8C1339E9,Everything Is Nice: The Matador Records 10th Anniversary Anthology,AR91NIO1187FB4D732,05755bf1-380c-487f-983f-d1a02401fa28,Cat Power,271.62077,0.80679225,0.51786632,1998,2082196,-1,0
TRMMSHL128F42933EB,You Don't Need Me Now,SOTBVLS12A8C13A29D,Nothin' But The Taillights,ARRSW6F1187FB52CF2,dcd522c9-ac64-4c53-b080-6aab4abf2b44,Clint Black,220.70812,0.710866572,0.445339165,1997,3360283,-1,0
TRMMVUG128E078A24A,Technologic (Vitalic Remix),SOEDGBE12A670211D3,Technologic,ARF8HTQ1187B9AE693,056e4f3e-d505-4dad-8ec1-d04f521cbb56,Daft Punk,324.88444,0.90284076,1.021255587,2005,123260,-1,0
TRMMDFO128F1473E53,Voy A Pasarmelo Bien,SOGHDIA12A6D4F7C96,1984 - 1992 Disco Libro,AR69GGX1187B98E1F7,8b1628a7-130a-4faf-96d8-2418bd9043c2,Hombres G,236.56444,0.632210173,0.49863273,2006,371248,-1,0
TRMMDVB12903CE2FF6,Redneck Yacht Club,SOVHIAK12A8C144F9C,My Kind Of Livin',ARKJMAV1187B98C736,1415b94a-ae0d-4918-9100-1943e8227f1b,Craig Morgan,227.57832,0.731885053,0.50118512,2005,8076599,-1,0
TRMMDKJ128F4293E9F,The Day Before You,SOWUBIN12A8C139C94,Feels Like Today,AR7ZFLN1187FB4830A,6e0ae159-8449-4262-bba5-18ec87fa529f,Rascal Flatts,245.9424,0.864657194,0.776528435,2004,1134125,-1,0
TRMMOWW128F1465642,La Valse D'Am¨¦lie (Version Orchestre),SOGELZG12A6D4F865F,Amelie From Montmartre,AR1PC9R1187B9ACC9A,12d432a3-feb0-49b1-a107-d20751880764,Yann Tiersen,120.39791,0.78817742,0.503801765,2001,298552,-1,0
TRMMOZR128F931474C,Um Minuto Para O Fim Do Mundo,SOAAPMX12AB0181F54,Felicidade Instant?nea,ARTJFCN1187B9987CB,a305918f-ce88-4834-a134-3381e34ad4e8,CPM22,197.95546,0.625791384,0.453106259,2005,4516239,-1,0
TRMMKVM128E0787352,The Oak Tree (Album Version),SORDCVF12A6701F380,Color Of Success,AR2ZAAH1187B98C9C9,4bfe54b0-0a68-4c35-b1a5-17725131f979,Morris Day,442.46159,0.438774035,0.330770122,0,92108,-1,0
TRMMKJX128E07818C1,Face To Face (Cosmo VItelli Remix),SOAKDHD12A6310F1AE,Daft Club,ARF8HTQ1187B9AE693,056e4f3e-d505-4dad-8ec1-d04f521cbb56,Daft Punk,293.45914,0.902840574,1.021255587,2003,6501,-1,0
TRMMKIG12903CEF0AA,Luna Latina,SOMGPJQ12A6D4F7592,The Very Best of Nestor Torres,ARXJSHW1187B9A2A52,cdf09cd2-59e0-4953-839f-bea3bbb07b1b,Nestor Torres,329.24689,0.485921286,0.353156297,0,6663833,-1,0
TRMMKAR128EF3431B1,Without You,SOLOJKD12A67AE0E1D,Joyful,ARN03F71187FB4E3F4,633c13a3-335a-466f-8e01-535837faeff5,Ayo,236.69506,0.522590185,0.390641236,2006,720008,-1,0
TRMWMBW128F932F641,L¨¢ Vem A Cidade,SOXHVCS12AB0184293,Labiata [ International Version ],ARAGB841187B98EC07,da61fb5d-9543-4e36-9fa7-dad3111f7e8e,Lenine,332.85179,0.6332054,0.520964765,0,4070162,-1,0
TRMWMYL128F92F20A1,Whiskey_ You're the Devil,SOKRFEJ12AAF3B15AD,Best Of The Vanguard Years,AROSGVP1187B9B011F,530846f0-4098-4d33-bd8a-8611f823bf51,The Clancy Brothers,133.79873,0.562597242,0.408955833,0,4343769,-1,0
TRMWMHA12903CAD333,Long Lonely Nights,SODDQOW12A58A7FE08,Chess Golden Decade (Volume 3 - 1957),AR45GNP1187B9B78F1,2032b70e-91b2-4202-9eac-a79245f5ecd1,Lee Andrews And The Hearts,177.00526,0.458855284,0.307743267,1986,6391402,-1,0
TRMWWQE128F4295BF0,Face Down (Acoustic),SOWBLAQ12A8C13C152,Don't You Fake It,AR4YKRO1187B9B7829,f0e820ab-f31a-400d-9c5e-8be1c8c38726,The Red Jumpsuit Apparatus,188.36853,0.911044197,0.570192015,2006,3370494,-1,0
TRMWWMZ128F14A2FBD,O Pato,SOIADYR12A6D4FB592,Getz/Gilberto No. 2,AR3THYK1187B999F1F,286ec4c2-b5ca-4f85-b331-280a6d73dd14,Jo?o Gilberto,142.81098,0.645192337,0.47122433,1960,619182,-1,0
TRMWWFJ128F9325CEE,Curs in the Weeds,SOAMSPW12AB017F147,House With No Home,ARF91NB1187B98BDB8,20efa62f-4f98-4bdd-abcc-3e6cfb90d271,Horse Feathers,209.99791,0.648509557,0.495093708,2008,6045277,-1,0
TRMWGKC128F4262582,Peaceful Day,SOBWLHV12A8C136F84,Live At The Key Club,ARGFFA01187B9A2D11,5c210861-2ce2-4be3-9307-bbcfc361cc01,Pennywise,171.65016,0.816998189,0.512229189,1995,2226213,-1,0
TRMWGCR128F14A6BBF,Late Lounge Lover,SOCGCBP12A6D4FAC3A,Third Door Left,ARKTSTP1187FB51C66,11bf566b-a73e-4e8c-ba82-83fdcddd0aed,Hacienda,290.21995,0.636006293,0.430831271,0,636022,-1,0
TRMWGKM12903CCE78B,Happy (Love Theme From "Lady Sings The Blues"),SOTLHDK12AB018A405,Music and Me,ARXPPEY1187FB51DF4,f27ec8db-af05-4f36-916e-3d57f91ecf5e,Michael Jackson,207.77751,0.86652032,0.766545451,1992,7504435,-1,0
TRMWCTY128F4275DED,So Hott (Explicit Album Version),SOTCJRR12A8C137AFF,Rock N Roll Jesus,AR4JOEZ1187B9AE99A,ad0ecd8b-805e-406e-82cb-5b00c3a3a29e,Kid Rock,246.64771,0.84158986,0.642892814,2007,3238095,-1,0
TRMWCKF128F148D40F,Mona Lisa,SOGIYPY12A6D4F8B44,The Great Adventures Of Slick Rick,ARUMGZN1187FB37125,486af4f0-a79b-468f-be73-527cd4caf6ea,Slick Rick,245.83791,0.670372784,0.478985713,1988,510680,-1,0
TRMWBOH128F9300AB8,Cold Cash Colder Hearts,SOVFUNO12AF729EC9C,Live At The House Of Blues,ARIMZQZ1187B9AD541,244afcb7-fa9a-49b1-9aa6-0149512d1c52,Thrice,169.79546,0.873238653,0.519965479,0,3840048,-1,0
TRMWBBZ128F9345DBB,Stained Glass And Marble,SOLQJQS12AB018607A,The Unraveling,ARZWK2R1187B98F09F,606bf117-494f-4864-891f-09d63ff6aa4b,Rise Against,96.36526,0.847081688,0.625080481,2001,6177354,-1,0
TRMWFBU128F14933ED,Babel,SOJQPPR12A6D4F869A,Babel - Music From And Inspired By The Motion Picture,AR1XL241187FB3F4AB,526443fd-8b34-46aa-b82a-43161e08520e,Nortec Collective,200.09751,0.641423594,0.391187505,2006,547126,-1,0
TRMWFKH128EF3437B4,First Gear,SORZKKV12A58A7B9E0,Pieces Of The People We Love,AR3Q48J1187FB55278,3697647f-1839-479e-98a1-9ad39004d923,The Rapture,379.95057,0.749860751,0.51653518,2006,721549,-1,0
TRMWFUB128F423BB6B,Descubriendote,SOBJJJN12A8AE4674B,Lunas Rotas: De casa a las ventas,ARH7PCA1187B99025B,f75752c9-73a3-4f3e-8477-a42cd9629ec5,Rosana,176.71791,0.620275972,0.387386826,0,1401683,-1,0
TRMWQRG128F148696B,Sleepers,SOYVYNW12AF729D48D,Saosin,ARGO67V1187B9968D2,47b8b42a-96e8-46fa-9ea6-70c5136ae971,Saosin,171.88526,0.755077151,0.563763752,2006,473178,-1,0
TRMWZLS128F42503CA,She's A Star,SODXMQC12A8C133444,Songs About Girls,ARCLAF01187FB39AA6,d574c9bd-46f6-440a-8d6a-8412a283eeb1,Will.I.Am,227.7873,0.761088203,0.554573164,2007,1506974,-1,0
TRMWIDY128F14A0C20,Werde Ich Tr?umen?,SOHEWMU12A6D4F9071,Aquarium Caf¨¦,ARKF4F71187B99560D,f2883fdf-94b7-42a4-b8ba-ce252f22374d,Rauschfaktor,304.50893,0.419511878,0.363986299,2001,609838,-1,0
TRMWNLK12903D00F03,Obsessed,SORVHGJ12AB01883C4,The Time Of Our Lives,ARYAVBS1187FB5B46C,7e9bd05a-117f-4cce-87bc-e011527a8b18,Miley Cyrus,243.53914,0.877591126,0.711128208,2009,6737339,-1,0
TRMWNHM128F9335CA2,Van Helsing Boombox,SOUEGBF12AB017EFD5,Six Demon Bag,ARMI4NV1187B99D55D,4e210d41-b3e3-4e34-8c3b-3b8cc2116562,Man Man,222.45832,0.710876957,0.402964935,2006,6111372,-1,0
TRMWPNI128F427CBB0,Eiti-Leda,SOOATDK12A8C136E31,Seru Giran,ARX56SC1187B9BA075,f1cd52dc-49d1-4df6-93ea-3587d8fba30b,Seru Giran,422.05995,0.543652983,0.382925987,0,1025635,-1,0
TRMWPNK128F93471E5,Home Again,SOPRIUU12A8C133EF5,Devotion,ARWCIEL1187FB42EF5,d5cc67b8-1cc4-453b-96e8-44487acdebea,Beach House,248.842,0.789323185,0.537650625,2008,5247725,-1,0
TRMWPMH128F1471315,The Rest Of My Life (Album Version),SOFNAEW12A58A7C17C,In With The Out Crowd,ARG8DXO1187B9AF743,e54e065f-0ce6-4779-9a9a-afd7b997471f,Less Than Jake,213.05424,0.843322339,0.554564302,2006,358325,-1,0
TRMWPCM128E07966AC,All The Ifs (Album Version),SOJYSRO12A67AE01A0,I Gotta Make It,ARL60FF1187B9AE52D,4d7304f6-7fe3-4959-9d98-01a5af84afe6,Trey Songz,305.03138,0.852883876,0.88632272,2005,186400,-1,0
TRMWTPB128F4237781,Sheebeg And Sheemore,SOXFOSA12A58A7CD73,My Own House / You Should See The Rest Of The Band,ARNAU6L1187B9928C5,00daff08-6cd1-4f91-b1ec-2f8ce8603442,David Bromberg,146.36363,0.481417425,0.3323314,1980,2000869,-1,0
TRMWTBL128F42ACFCA,Blanket,SONSOXK12A6D4F7A46,True Chillout (3CD set),ARTLO011187FB532F6,e2a02b0b-ce39-46d8-82fb-2a0fdeff929e,Urban Species / Imogen Heap,345.59955,0.555898195,0.415265229,2001,1271571,-1,0
TRMWUBG128F425BC3D,(Far From) Home,SOCGLAK12A8AE489B1,Sexor Collector's Edition,ARLEWK51187B9B4B5F,6ee8934a-6970-4dce-b2ac-53a93a41af21,Tiga,163.44771,0.734141378,0.490700015,0,3112912,-1,0
TRMWUZB128F425A33F,Banba Oir,SOGSMFL12A8AE47CCC,Banba,ARPXDY61187B9AD0A8,d45641da-371c-430e-8907-6086590ab282,Clannad,207.01995,0.684627554,0.45576904,1993,3106485,-1,0
TRMWUPH128F425B454,Vrresto,SOPKVFQ12A8C13939C,Vrresto,ARRNTMJ1187B9991C8,d9c93d91-9231-4f76-8941-27c35ba03208,Ruins,397.322,0.597803454,0.416235254,0,2783543,-1,0
TRMWLLC128F423CB79,Nothing Compares 2 U,SOZUVHK12A6D4F86F5,The Hits 1,ARL7SZI1187FB4E78F,8a3cf5e4-2a31-4a5f-b616-5eca012a698e,Prince & The New Power Generation,304.79628,0.609369889,0.39921511,1993,1410546,6479,6477
TRMWLST128F92FD8B3,Helpless,SOGABXH12AB01814C5,Deja Vu,AR2UE9U1187B9AD9DA,46a782ea-4308-476b-abd1-a91b197f3037,Crosby_ Stills_ Nash and Young,96.10404,0.645525504,0.479680316,1970,5878468,-1,0
TRMWEOC128F9322C97,Pretty Little Ditty,SOBQTPC12AF72A24BC,Mother's Milk,ARE8GLF1187FB52532,8bfac288-ccc5-448d-9573-c33ea2aa5c30,Red Hot Chili Peppers,96.41751,0.833967972,0.576201966,1989,6987563,-1,0
TRMWEBJ128F931D025,Work It Out,SONDUKG12A58A7DA36,Dangerously In Love,AR65K7A1187FB4DAA4,183105b5-3e68-4748-9086-2c1c11bf7a3d,Beyonc¨¦,246.07302,0.889461001,0.612067268,2002,6008849,-1,0
TRMWECT128E0783913,Baby Can I Hold You,SOUUQVH12A6D4F7DDE,10 Years Of Hits,AR6OSQ81187FB3FDAB,f1cd545b-f17b-4d3a-98de-68b695bfe211,Ronan Keating,189.57016,0.726009875,0.45016392,2004,16069,-1,0
TRMWJGD128F1455E91,Queen Of My Double Wide Trailer,SORWULZ12A6D4F5B1E,Best Of Sammy Kershaw: 20th Century Masters: The Millennium Collection,ARJWICB1187B9AB495,55815bb6-ed69-4e5b-83d8-5408b48254a5,Sammy Kershaw,211.48689,0.591495615,0.516156082,1993,227959,-1,0
TRMWSVF128F14ACBD2,Main Title,SOUSDAM12A6D4FB2BE,Back To The Future III,ARFFDZU1187FB50682,f4c53778-e48d-4da4-9ddd-cc007f715d64,Alan Silvestri,187.27138,0.629301806,0.50063434,1986,663001,-1,0
TRMWSBM128F428D305,Stickshifts And Safetybelts,SOUELOC12AB0182DD1,Fashion Nugget,ARQRQRA12131B4B5A8,fa7b9055-3703-473a-8a09-adf2fe031a24,Cake,128.9922,0.794331284,0.650665868,1996,3335445,-1,0
TRMWSFE128F42483FE,Man With The Red Face,SOKRLWK12A6D4FC82F,bargrooves Summer Sessions,ARQI4MR119B86691FE,56e21084-625d-4d9f-ae5d-aad938cbc98d,Mark Knight & Funkagenda,635.55873,0.650128371,0.403332447,2008,3022641,-1,0
TRMWDXL128F92E450C,Thank The Watchmaker,SOMZMKH12A58A7E30B,Who Speaks For Planet Earth?,ARZ6YEB1187FB486E5,3c99df09-65bc-4326-a728-706a6ee57dc9,And Then There Were None,206.8371,0.684779225,0.541876741,2009,4274261,-1,0
TRMWDQK128E078E735,It's My Own Fault,SOIGMTU12AB0179CEC,Live At The Regal,AR4GAFY1187B9B639D,dcb03ce3-67a5-4eb3-b2d1-2a12d93a38f3,B.B. King,189.3873,0.7087354,0.542289933,1965,146635,-1,0
TRMWDDD128F92E1ECF,Leave Right Now,SOFVBVA12A8AE484E7,Fridays Child,ARSPGHQ1187B9AF447,7240a9e1-01d1-4322-b34a-ad573703f108,Will Young,213.55057,0.663447128,0.438326669,2003,4264436,36374,36374
TRMWXQA128F4293F79,Alcohol,SOILAUT12A8C139E5D,Super Taranta!,AR0YME61187FB3B544,f47fc54d-b334-4321-8218-00c5b11d4dd1,Gogol Bordello,294.71302,0.755886369,0.527010667,2007,1134589,-1,0
TRMWXEG12903CDE1AD,Ink My Whole Body,SOKJBXF12A58A7CD00,Ink My Whole Body,ARN0GFV1187FB508CC,f5dfa020-ad69-41cd-b3d4-fd7af0414e94,Wiz Khalifa,155.402,0.773934559,0.778657269,2010,7568532,-1,0
TRMWKUJ12903CA3FC7,Wasting My Time (Album Version),SOAEUYZ12AF72A6379,The White Stripes,AR8V1WA1187B9AD9E9,11ae9fbb-f3d7-4a47-936f-4c0a04d3b3b5,The White Stripes,133.51138,0.878811343,0.653897217,1999,7328547,-1,0
TRMWKZD128F425A2F6,Don't Let It Bring You Down,SOYVFQB12A8AE45B99,Medusa,ARW9FP41187B98C2A7,3e30aebd-0557-4cfd-8fb9-3945afa5d72b,Annie Lennox;Steven Lipson,216.92036,0.806580411,0.621085212,1995,3106412,2120,2119
TRMWYCI128F92CB637,Basher,SOUEMDH12A8C1435E7,Winter Tour '05 - '06,AR5BX3Y1187FB39E93,2c7e21ad-9b16-42df-9f9b-d583ce70a88a,Slightly Stoopid,231.44444,0.866171076,0.48833899,2005,4149386,-1,0
TRMWYWZ12903CEA8A4,Official,SOSCNMY12AC3DFB313,Black Refuge Ep,AR0L41H1187B9AF252,fb2df245-81b0-4a2b-9d01-e0955ba68be7,Junip,365.47873,0.565589363,0.44987312,2005,8595213,-1,0
TRMWYOV128F931BFF4,Headstrong (Album Version),SOCQJYB12AB017E855,Trapt,AR2TFDC1187FB45779,8876c0be-ccff-4d46-aa91-7f935a3b3b6b,Trapt,285.98812,0.8769456,0.594373031,2002,6004652,-1,0
TRMWYYF12903CE6C6B,Marlene On The Wall,SOLANPM12AC46895E0,Lifestyle2 - Acoustic Vol 1,ARBM5JV1187B9ACD9B,cf119120-7df5-47d7-9dec-49f8837a4e40,Suzanne Vega,219.58485,0.755279126,0.57119029,1985,6629869,-1,0
TRMWYIH128E078DCA6,St. Louie,SOMTUPP12A6701FC38,Country Grammar,ARCBD0U1187FB466EF,811900b2-68fc-4d41-8bad-69b7a1f4d628,Nelly,269.16526,0.912368981,0.787994622,2000,143168,-1,0
TRMGWVS128F424F277,M¨²sica Para Una Boda,SOBGQHH12A8151CAC5,Vivimos Siempre Juntos,AR2G8XO1187B9952A1,cfe9cb9e-7233-49ec-9d2b-28107a3713e0,Nacho Cano,599.11791,0.471761158,0.401366151,2006,3051222,-1,0
TRMGWHV128F932745F,Metroid - Kraid's Lair,SOQEVPG12AB0186C68,Elf Titled,ARROLGK1187FB5738D,31e48c9d-8deb-48f5-83c3-67edb20d7f5e,The Advantage,160.96608,0.613572487,0.378647779,0,6051288,-1,0
TRMGWLI128F931AF22,Man With The Movie Camera,SOWZQYA12AB0187033,Man With A Movie Camera,AR82CHF1187FB3BA3E,7c158ea8-c0aa-410e-bdc1-20bba9759577,The Cinematic Orchestra,485.98159,0.712479067,0.53924903,2002,3969832,-1,0
TRMGWRE128F429FEF5,We Rode In Trucks,SOKUQKE12AF72AAEA9,I'll Stay Me,ARNNM56119B86686EA,aab35942-f176-4f77-bbf9-1d6aa98ccf3f,Luke Bryan,270.34077,0.748536142,0.702594755,0,1199256,-1,0
TRMGGGR128F42889D4,We're Going To Be Friends,SOBZCUC12A58A7D9AD,Sing-A-Longs & Lullabies For The Film Curious George,ARC8CQZ1187B98DECA,ff6e677f-91dd-4986-a174-8db0474b1799,Jack Johnson,137.50812,0.832011769,0.677482479,2006,3316135,-1,-26
TRMGGMS128F9306682,Before The World Was Made (Album),SORHJYH12A6D4FBF0D,No Promises,ARSN9QH1187B998BC5,f90575d1-abcb-42b3-ae32-1849312c26e6,Carla Bruni,231.02649,0.758191634,0.511124276,2007,4970144,-1,0
TRMGGZR128F93123FA,Plastic Dreams,SOQCOWO12AB0179B64,In Order To Dance,AR2HFII1187FB378BC,af84fdf4-22ac-4ce5-8ed0-6fad3b949172,Jaydee,621.29587,0.57598311,0.371026654,1992,3927187,-1,0
TRMGHPP128F1484D42,Finally Found,SOKIFMI12A6D4F9CAB,True 90s (3 CD Set),ARTU0K61187B9A561C,1c047126-1946-43de-9ba3-54840f4c3669,The Honeyz,288.62649,0.514066857,0.372806371,1998,464618,-1,0
TRMGCOW12903D05603,The Keeper,SOOWJWB12AB018D1C8,The Keeper,ARRB71R1187FB5751C,9a709693-b4f8-4da9-8cc1-038c911a61be,Bonobo Featuring Andreya Triana,289.2273,0.740060629,0.518625521,2009,6755522,-1,0
TRMGBFO128F92EF90D,M,SOSXRBR12AB017C294,Immolate Yourself,AR1C97Y1187FB36430,453f1594-112e-4d3c-921a-8d14e9c97b2e,Telefon Tel Aviv,222.09261,0.68394172,0.456477647,2009,4874122,-1,0
TRMGFKB128F4247EFB,I Ain't Dead Yet,SOEBLQZ12A6D4FAFD6,Sounds So Good,ARB8H82119B34032E1,9f1c4795-60fb-42e7-a90c-fe75f4a1f4bb,Ashton Shepherd,193.41016,0.679395051,0.390963612,2008,3021254,-1,0
TRMGQWD128F4269F46,Tha Crossroads,SOHVUZY12A8C133AA1,R&B: From Doo-Wop To Hip-Hop,ARUZRFN1187B98AC05,2fa45bbb-0efb-4950-9d40-94bf23cbfec1,Bone Thugs-N-Harmony,222.69342,0.81592342,0.555138322,1995,3187213,-1,0
TRMGQQR12903CCE48F,Let It Go,SOWKQGB12AB018D071,Fragments Of Freedom,ARU3C671187FB3F71B,067102ea-9519-4622-9077-57ca4164cfbb,Morcheeba,283.74159,0.819087196,0.533117125,2000,8479211,-1,0
TRMGQCO128E078EF8E,Silent Night,SODCWZB12A6702135E,Christmas Interpretations,ARR9XGB1187B9912E6,b42eca0f-9381-43db-badb-1cba080a7dc2,Boyz II Men,154.51383,0.790922848,0.601184942,1993,148709,43974,7895
TRMGZOH128EF3514E0,Burn Down The Mission,SOTMKHD12A6D22728C,Tumbleweed Connection,ARTB3OO1187FB49BDA,b83bc61f-8451-4a5d-8b8e-7e9ed295e822,Elton John,379.08853,0.843041503,0.568304112,1970,792667,-1,0
TRMGAAO128F145A556,Lone Justice,SOWQBEW12A67ADE288,Spreading The Disease,AR3B7K91187B98C62E,b616d6f0-ec1f-4c69-8a79-12a97ece7372,Anthrax,276.94975,0.752405625,0.53291616,1985,247575,-1,0
TRMGAAS128F93141FA,Candy,SOJAMVI12AB017B880,Live Lounge 4,ARZS3RD1187FB457CE,24ea074c-59cc-41c5-a5de-f68c2952965f,Paolo Nutini,276.81914,0.811812313,0.53934274,2009,6927437,-1,0
TRMGNGU128F146BC87,Marketplace,SOYICRA12A8C14372A,Aladdin Original Soundtrack Special Edition,AR4KJ751187B9ACBB1,817c68f4-e110-4529-82fa-aec902e9768f,Alan Menken,157.1522,0.571793589,0.508136503,1992,327585,-1,0
TRMGPAQ128E078F39F,Please (Explicit Album Version),SOBBCZE12A67020743,Chapter V,AR3WLE91187B99430A,777a21a8-0d0f-4cf3-86b4-65bc0eba5649,Staind,264.12363,0.863396763,0.551768573,2005,149795,-1,0
TRMGPFD128F146909C,G.L.C.,SOFHQMS12A6D4F8248,Sound Of The Suburbs - A Collection Of The Members Finest Moments,ARZCB001187FB4419B,3c516f6c-0b18-4241-8a9d-7d7bc958912d,The Members,141.92281,0.50920243,0.358315017,1979,314869,-1,0
TRMGPXD128F9314FCC,Live To Tell The Tale,SOQRZNB12AB0184CF6,Chunk of Change,AR6PFD411C8A416424,daeec599-bf5d-4428-994a-e76ba5f86e2f,Passion Pit,315.66322,0.764183479,0.497023521,2007,3938487,-1,0
TRMGTWR12903CB3855,Playboys Of The Southwestern World (Album Version),SOLTYZU12AB0189591,The Dreamer,ARV9LSS1187B98C471,2ad66473-ccb3-41d2-8756-b56680cdfe62,Blake Shelton,268.35546,0.778928237,0.661461594,2003,7881176,-1,0
TRMGTET12903CE2711,Jump (For My Love),SOJCGJJ12A8AE48B5D,Get The Party Started: Essential Pop and Dance Anthems,AR74PG51187B9AAFA0,81bac815-97c5-4723-8f0b-4d8edfad1010,The Pointer Sisters,238.62812,0.693887091,0.443512832,1984,6612093,-1,0
TRMGTKH128F1458DCB,Temptation,SOVTPDN12A6D4F660F,Endless,AR5MK521187B98E0B8,0796f847-09ca-4526-b17e-44390dd536ba,Heaven 17,280.00608,0.630928608,0.461558452,1982,241099,-1,0
TRMGTWK128F4271E2C,Damn I Wish I Was Your Lover,SOQXHYA12A8C1344C5,The Best Of Sophie B. Hawkins,ARNF6401187FB57032,fd7a8bc1-1b25-4b4c-b899-8f7b3343a229,Sophie B. Hawkins,323.39546,0.713274972,0.377593082,1992,3221174,-1,0
TRMGUWH128F146903A,Sincerit¨¦ Et Jalousie,SOBOUPA12A6D4F81F1,Simple Et Funky,ARZO9UQ1187FB4D261,8bc9464e-5967-477e-a9c3-ad5639d24517,Alliance Ethnik,195.94404,0.509271029,0.437972004,0,314771,-1,0
TRMGUWT128F42608F1,The Quiz,SOBKVMH12A8C133F44,I Was Definitely Made For These Times / The Quiz,ARVWBEJ1187B9AF5CE,b616019a-810c-4b05-a558-ad8406f225ff,Hello Saferide,135.83628,0.656462789,0.437877451,2006,909539,-1,0
TRMGUIR12903CD9E15,Falling,SOCIUSI12AB018DD03,Time Bomb,ARUNUAH1241B9CB6EA,,Iration,242.07628,0.649138966,0.465605097,0,8526765,-1,0
TRMGUMS128F428194C,I Dreamed A Dream,SONCIEY12A8C1353C7,Les Mis¨¦rables - 10th Anniversary Concert,AROQL0S1187FB57CFD,3972cd8f-fb03-4840-8efc-8b5c4a1acda7,Les Mis¨¦rables - 10th Anniversary Concert,278.69995,0.379749174,0.418522133,0,3286450,-1,0
TRMGUMK128F9325BE9,Tonite and Today (What chu' talkin' 'bout),SOZXWGC12A6D4FA3A5,Knife Play,AR2O4CE1187B9B7C7A,8b431ac6-0806-4e4a-9b6b-1734370fa890,XIU XIU,322.37669,0.715110954,0.458580135,2002,6045016,-1,0
TRMGUNA128F92E4CC0,Eres,SOJOBCM12AB017F347,Viento A Favor,ARUXOWB1187FB3F562,772a8360-e81e-4647-92e2-195c19efddad,Alejandro Fernandez,235.38893,0.756892025,0.458763439,2007,4276233,-1,0
TRMGEUL128F9303BD2,Los Piratas,SOXTWUQ12AB0181B88,Los Reyes De La Cancion,ART6QCS1187FB40CBD,2d6d27d3-b18b-4436-b174-b155ca917ab6,Los Aut¨¦nticos Decadentes,186.09587,0.610330728,0.407821565,1997,5419306,-1,0
TRMGSCT128F9336C96,Go On_ Say It,SOFMSPM12AB01858E1,3 Rounds and a Sound,AROUBGL11E2835D696,215f057c-fb64-4b27-abf2-1871e71912d9,Blind Pilot,198.53016,0.673664422,0.468636122,2008,4104768,-1,0
TRMGSHL128F92F5E7B,Street Of Dreams,SOJUERX12AB0184DE1,Chinese Democracy,ARM7EDF1187B9B3FA1,eeb1195b-f213-4ce1-b28c-8565211f8e43,Guns N' Roses,286.32771,0.844085061,0.71366982,2008,3787068,-1,0
TRMGVNT128F42886E2,Soledad (vivo),SOTWYWC12A8C13AAF0,En vivo,ARX2F7M1187B9A5563,55441123-89a2-49ab-ae3f-df7a3e86835a,Man¨¢,371.722,0.693444356,0.515829194,0,1074885,-1,0
TRMGVZQ128F42278BD,Sculpture,SOTGLJZ12A6D4FCD64,Sculpture,ARRA0I71187B99F1A9,48df54af-a70c-4ba1-8489-33688c001ac1,Skalpel,291.16036,0.629919341,0.457765164,2000,1280558,-1,0
TRMGVXA128F147A025,Prelude 12/21,SOKNBWG12A58A7D0C8,DECEMBERUNDERGROUND,AR2FAMK1187FB4CF60,1c3919b2-43ca-4a4a-935d-9d50135ec0ef,AFI,94.51057,0.909247283,0.554938522,2006,401842,-1,0
TRMGDPT128F429B560,The Shortest Distance between Two Points Is a Straight Line,SORTKNF12A8C13E561,Room Temperature,ARLKQJN1187FB57135,74171cb6-1ff8-42bd-be8a-96660c22e3e0,Simon Joyner,247.09179,0.65849375,0.435406945,0,1174286,-1,0
TRMGDUG128F92DD084,Sognami,SOQKIIH12A8C145909,Il Cielo Ha Una Porta Sola Deluxe Edition,AR1Z6RP1187B9ADD04,b7c5cc40-c061-44ed-8b2b-d0ff774603c8,Biagio Antonacci,240.22159,0.576228722,0.342902805,2007,4796751,-1,0
TRMGOLR128F933A7DB,Survive,SOYDERO12A6D4F72BC,The Sufferer & The Witness,ARZWK2R1187B98F09F,606bf117-494f-4864-891f-09d63ff6aa4b,Rise Against,221.46567,0.847081688,0.625080481,2006,4128282,-1,0
TRMGOXA128F421FBC0,Peruvian Cocaine,SOPFCVN12AF72A7FF1,Revolutionary Vol. 2,ARHKLFI1187B9ADBC2,ef4db186-ff43-4708-a713-3ce1e05657a1,Immortal Technique,288.73098,0.791229365,0.475612577,2004,1885693,-1,0
TRMGOXJ128F4241313,Clenching The Fists Of Dissent (Explicit Album Version),SONUFPO12A8AE463D3,The Blackening,ARH2SC11187B9B53D7,a294e8f8-f008-484f-a7b4-3b5ee39d0eb8,Machine Head,636.78649,0.798800885,0.548126125,0,1432561,-1,0
TRMGXYE128F422D114,Juguete De Nadie,SOFLMLE12A8AE46FFC,Super Exitos,AROB9PV1187B9909D2,6c6755b2-627d-4e9c-b4b4-ab96603cf916,Puerto Rican Power,305.44934,0.579879193,0.423165503,1992,2581107,-1,0
TRMGXPF128F145678C,Comforter,SOSHFXW12A6D4F7A44,If I Ever Fall In Love,ARP4J5Q1187B99171D,00b41159-d8c8-4c5d-9ce4-804e67050825,Shai,250.5922,0.657823757,0.420958745,1992,230616,-1,0
TRMGXYO128F92F097B,With Pen In Hand,SOZHWTM12A8C14229F,Country Heartbreakers,ARN9BOP1187B98E918,23e67b45-a55c-4f69-b882-b0fd04e6cc1d,Johnny Darrell,193.01832,0.349072988,0.259546182,0,6780972,102711,102709
TRMGXFT12903CEAE87,Pot Kettle Black,SOEVTMA12AB017D1F4,Pot Kettle Black,AR1O7ZH1187B9A5621,4c730f5d-a27c-49fc-b505-23c2c61a6840,Tilly & The Wall,169.58649,0.691910581,0.455433342,2008,8596720,-1,0
TRMGXXB128F145607E,Stand Up And Shout,SODVSOP12A6D4F7681,Holy Diver,AR65HBF1187FB581D2,c55193fb-f5d2-4839-a263-4c044fca1456,Dio,199.81016,0.771320569,0.462061093,1983,228458,-1,0
TRMGXDB128F426DB8F,That 70's Song (Based on "In The Street"),SOKWIQY12A8C13409D,Authorized Greatest Hits,AREMEW61187B9B62DD,9f870653-72b0-4c6d-8c59-439a95963e09,Cheap Trick,170.60526,0.739564013,0.570342582,2000,3202936,-1,0
TRMGKKR128F146301B,A Bitch Iz A Bitch (Explicit) (Digitally Remastered 02),SOZTRGA12A58A7AF50,N.W.A. Greatest Hits (World),ARSL5SP1187B9A7AE0,3a54bffa-2314-44a2-927b-60144119c780,N.W.A.,195.63057,0.747708669,0.52040786,0,286206,-1,0
TRMGKZL12903CB80DB,Counting to 100,SOOQYDB12A8C13F328,Twenty Three Places,ARHG1ZS1187B98C026,aac7d2e7-4e25-40ca-873e-3930acac4626,Matt Wertz,236.93016,0.726971579,0.515889634,2003,7411701,-1,0
TRMGYHR128F92F9039,Tiger Feet,SOHETNQ12A6D4F848A,Original Hits - Pub Jukebox,AR8NKGL1187B98F57A,ea8851fb-f1ca-4012-87af-f2205d468a25,Mud,229.32853,0.641246512,0.478670254,0,6815667,-1,0
TRMGYTZ128F4281923,Bird Guhl,SOURKWT12A81C217C1,I Am A Bird Now,ARBHCP31187FB4D417,90cc2464-234e-4da0-b39b-576f36e633bc,Antony & The Johnsons,194.2722,0.732790176,0.512521419,2005,2947976,-1,0
TRMGYCN128F92D0713,Low Man,SOHJAPN12A8C143198,The Thief & The Heartbreaker,ARPPM3T1187FB585CB,68b3fbf1-66b7-46d2-b93a-75c2dc2cc644,Alberta Cross,163.47383,0.644300789,0.459124377,2007,3599751,-1,0
TRMGYZD128F14956D9,Don't Sweat The Technique,SOWUGAH12A6D4F982E,Don't Sweat The Technique,ARWC1WN1187FB516CE,925228de-bbe5-4c7b-b76f-78e382ec9148,Eric B. & Rakim,262.84363,0.578056456,0.500946376,1992,558667,-1,0
TRMHMZK128F1496B88,A La villa,SOFKKLT12A6D4FAB36,Sol¨® De Noche,ARNGZ3K1187FB4596F,bbd05acc-33f0-4db6-bc01-41c8b4bfe2df,No Te Va Gustar,35.86567,0.604815942,0.45051898,1999,563933,-1,0
TRMHWMW128F4242DE6,Country Comes To Town,SONXVIY12A8C134EA9,Toby Keith 35 Biggest Hits,ARHATLI1187FB52C76,2f951906-5629-4fef-a260-5033151c162a,Toby Keith,218.04363,0.80371583,0.688381697,1999,2675987,-1,0
TRMHWDD128F14A5621,Stall Out (Album Version),SOXZKLH12A6D4FAFE5,Mutemath,ARGITL31187B9892BE,6e855495-c063-4052-a26d-959c3f226c87,Mutemath,426.65751,0.766264436,0.608603985,2006,629749,-1,0
TRMHWGU128F429B281,Still Dreaming (Album Version),SOYRPCH12A8C13DD08,Arrivals & Departures,AR10USD1187B99F3F1,d89de379-665d-425c-b2e9-41b95d1edb36,Silverstein,237.68771,0.80113645,0.605507136,2007,1172462,-1,0
TRMHWSF128F934D22D,Go Home,SOIBNKE12AB0181BB6,Eliza Doolittle EP,ARZBUXC11C8A4163A3,c45c1037-5469-420c-ac21-83841efd815d,Eliza Doolittle,178.23302,0.510524168,0.559705429,2010,7161967,-1,0
TRMHWLP12903CD8889,Memories,SOZHLFT12A8C13BA52,Lounge Classics Double Pack - 40 Timeless Chilled Cool Bar Grooves,AR2Y4271187FB509B8,8f389bf5-a950-4a2f-a962-daf08151ee33,Waldeck,230.08608,0.648378714,0.476408191,2005,8996807,-1,0
TRMHGPF128F426BE7F,Year 3000,SONMWXV12AB01803B4,S.O.S,ARWQ4AM1187B9AD5F8,6e019bc6-5c23-4935-94f0-4a896631d846,Jonas Brothers,201.32526,0.881245446,0.593796864,2006,2853976,-1,-250
TRMHGEW12903CC1516,Beach Baby,SOKGRCB12A8C14135B,Top Of The Pops - One Hit Wonders,ARSR2M31187B98D9D2,490f76ca-d6b4-4729-8889-7b97d48373c9,First Class,284.52526,0.68270534,0.332031292,1974,7450400,-1,0
TRMHHKC12903CF47E4,Slow And Easy,SOIHTFQ12AC960A19E,All The Greatest Hits,ARG6GDG1187B9AA148,d5b38919-f3b3-4edc-bcd6-417a1139ae3f,Zapp & Roger,311.32689,0.586289355,0.393058498,0,6686176,-1,0
TRMHHPP128E0785853,Sassafras Roots (Album Version),SOMNGQT12A6701F99B,Dookie,ARV3CRH1187B9A1B21,084308bd-1654-436f-ba03-df6697104e19,Green Day,157.6224,0.859513993,0.812307796,1994,75027,-1,0
TRMHHRK128F932A818,All Men Are Liars,SOLPVAQ12AB017EB35,Quiet Please... The New Best Of Nick Lowe,ARNJ2C31187B9B3239,cd09b0d0-1994-46ba-88bb-47d79f054396,Nick Lowe,203.75465,0.634280923,0.436609577,0,4623393,-1,0
TRMHHMG12903CA2EB3,Stripper,SOLHTZR12AF729EC01,Ribbed Music For The Numb Generation,ARBUB7C1187B98CEA5,31f3679c-fbed-424b-a611-65a73912928c,Sohodolls,216.78975,0.68486637,0.416140027,2007,6348872,-1,0
TRMHHYT128E078F4F0,Here He Comes (Lover Man),SOWYSFD12A6701DF67,South Saturn Delta,ARNDL191187FB51583,06fb1c8b-566e-4cb2-985b-b467c90781d4,Jimi Hendrix,393.32526,0.840963901,0.587869152,1997,150176,-1,0
TRMHRDA128F92E3541,Shut Your Eyes,SOZPRNU12A58A7B1CF,Eyes Open,ARVN9FZ1187FB393F1,a66999a7-ae5c-460e-ba94-1a01143ae847,Snow Patrol,197.09342,0.818319359,0.667294596,2006,4270185,-1,0
TRMHRAX12903CF61FE,Happy Ever After,SOZTPKI12AB0189317,Original Hits - The Girls,AR3GYSX1187B98D2FF,4cedbd59-60f8-4a0e-9b81-346220311123,Julia Fordham,225.38404,0.565473032,0.381956931,1988,8642714,-1,0
TRMHBFN128F423924C,Ghost Of Corporate Future [Live in California 2006],SOWPUTS12A81C22477,Live In California 2006 EP,AR4UL0A1187FB36895,fbb375f9-48bb-4635-824e-4120273b3ba7,Regina Spektor,188.36853,0.803633876,0.663526024,0,1385971,-1,0
TRMHBXZ128F4238406,Entre Dos Aguas,SOBBMDR12A8C13253B,Flamenco Para Ni?os,ARC1SF21187FB51D0F,7bc8dd01-35ea-4b18-a64d-3a364dc76a52,Paco De Lucia,358.24281,0.633119276,0.41771845,1976,2631392,-1,0
TRMHBNJ12903CF116E,Relegate the Judge,SOXZSEH12AC468CABB,Live Gasometer 2009,ARNSECX11E2835DB52,e7767b5f-cd56-458c-9fa1-9c111ce66c28,Amity in fame,290.5073,0.481432558,0.431874244,2008,8622085,-1,0
TRMHFXT12903D13D88,Police Car,SOPUWBY12AB0181BA6,Skinny Genes,ARZBUXC11C8A4163A3,c45c1037-5469-420c-ac21-83841efd815d,Eliza Doolittle,200.30649,0.510524168,0.559705429,2010,8764602,-1,0
TRMHQTE128F4250E53,Silent Shout,SOETSTN12A81C219A9,Silent Shout,AR7DBMA1187FB516B1,cf16d0a3-9d9c-44d4-b610-f0baccc27912,The Knife,292.54485,0.769098837,0.487848389,0,3061666,-1,0
TRMHQXM128F92F2E8E,Wild Wild West,SOEYBJZ12AF729C4E3,Greatest Hits,ARTOG9T1187B99074E,5bae7081-64ef-4473-825a-38d310deb14c,Will Smith Featuring Dru Hill & Kool Mo Dee,245.52444,0.784971391,0.582306725,1999,4347334,-1,0
TRMHQMH128F423EB56,Dress,SOJVGHA12A8C13300F,Dry,ARUP4RZ1187B9A4DEF,e795e03d-b5d5-4a5f-834d-162cfb308a2c,P J Harvey,198.29506,0.818336473,0.581697512,1991,2069665,-1,0
TRMHQJA128E0781AA3,Octopus,SOKHTYK12AF72A46AF,The Madcap Laughs,ARMLZE11187B9B34D3,12327d75-47d5-45d9-84c2-3760b9210c17,Syd Barrett,227.91791,0.668390543,0.512926302,1969,7040,68526,68526
TRMHZDS12903CF6911,Birdland,SOQBDRJ12AC46867C8,Carnival '99,ARWTFGY1187B992CBA,cff95140-6d57-498a-8834-10eb72865b29,The String Cheese Incident,771.02975,0.646637336,0.489630459,2000,8156797,-1,-875
TRMHZSK128EF35A24C,That's Life (Album Version),SOZUPRX12A6D4F659D,Call Me Irresponsible,ARN0YZ71187B9BA57B,611700cf-27f0-4dc9-ae80-c513a767853e,Michael Bubl¨¦,254.04036,0.825482552,0.79299013,2007,840330,53147,52387
TRMHZLT12903CEA646,If Work Permits,SOACZYB12A8C13DBB0,Dog Problems,ARCPYBD1187B9A56CE,fc884979-b61f-44bb-bc35-694b818d328d,The Format,325.642,0.580715037,0.412373026,0,6644741,-1,0
TRMHIDV128F4248FA1,Wake Up,SOUVDUA12A8C136305,Wake Up,ARF6ZTO1187FB3684F,e2c3c508-f0ab-49af-92c9-a81d66d67405,Story Of The Year,211.80036,0.806762596,0.580095045,2008,2703966,-1,0
TRMHIDI128F1454C31,I'm Gonna Be Around,SOYYSDE12A6D4F78C7,That's WhyYou Go Away,ARZU6MI1187FB58636,3943ae31-40b4-4de5-a4d6-819d9f3de72e,Michael Learns To Rock,225.88036,0.62315605,0.495456335,1997,221752,-1,0
TRMHIXI12903CD1D4A,Tomorrow's Just Another Day,SOFUGVT12A6BD4F997,Total Madness,ARJIQGE127D395D4E3,,Madness,194.01098,0.640170104,0.478388818,1981,6543896,-1,0
TRMHIPC128F42481F2,Sound Of Madness (Album Version),SOLLWCK12A6D4FB0B9,The Sound of Madness,ARGCBAJ1187FB3F481,adc0f033-95c2-4e0b-87bc-c23ed3f26ce6,Shinedown,233.97832,0.796817297,0.675191947,2008,3022029,-1,0
TRMHAAA128C7196A43,Who's David,SOAXIGU12A6310E832,A Present For Everyone,ARH85T41187FB41809,ee7cd965-254c-4333-a43d-54cb47143dec,Busted,210.59873,0.679202439,0.438922025,0,1950,-1,0
TRMHAJE128F429B800,Falls Apart,SOXEKUC12A8C13DD35,X2008,AR9RYZP1187FB36C6A,1339fab0-3ad8-4b8e-afac-7b7ae34509c7,Thousand Foot Krutch,214.77832,0.80595815,0.643456379,2007,1853458,-1,0
TRMHNDM128E0780F83,Warrior Part 2,SOPJELC12AF729D962,The Hunger For More,ARD39VZ1187B9B9A57,8a6ccf62-b8fa-46d7-87df-f2dd14e6280d,Lloyd Banks,218.01751,0.725843499,0.601187378,2004,3899,-1,0
TRMHUPX128F4286774,Heart It Races,SORNMHI12A8C13C0B7,Electronic Beats Collectables Volume 1 Digital,ARIW1BH1187FB4C94A,b91f0973-002e-4237-a39f-c7e02e786e53,Architecture In Helsinki,174.21016,0.807876868,0.505181616,2007,1736164,-1,0
TRMHUNF128F4255AC8,Ainda Lembro,SONSRUI12A81C204B8,Barulhinho Bom - BoxSet,ARCEXLE1187FB3A93E,f81f19b9-c76e-43ac-8656-bb56071785fb,Marisa Monte,218.64444,0.694133377,0.422103074,1991,3087919,-1,0
TRMHULF128F4269009,It All Dies Anyway,SOLXRGJ12A8C13AE91,Kings & Queens,ARV1L7J1187B98DD57,b916a410-ee27-4f15-92ce-1ce2b60e7697,The Gits,266.9971,0.584788954,0.402490265,1992,2841823,-1,0
TRMHUMP128F92F6E43,Learn The Hard Way,SOTMUMP12A8C1422D3,Daredevil - The Album (Music From The Motion Picture),ARPAAHK1187B9ABB00,bc710bcf-8815-42cf-bad2-3f1d12246aeb,Nickelback,174.34077,0.847451713,0.779968005,2002,6806946,-1,0
TRMHEPE128F9345CA2,Uptown Girl,SOCTKYL12AB01896E4,Have A Ball,AR0HQE41187B9A28D3,9478e346-7c52-4780-9555-3d1577f0b905,Me First And The Gimme Gimmes,141.97506,0.743505061,0.503136873,1996,6177073,10814,53
TRMHSMP128E0798999,Rebirth of Slick (Cool Like Dat) (2005 Digital Remaster) (Explicit),SOOWOSS12A67ADE2D3,Beyond The Spectrum - The Creamy Spy Chronicles,ARTOXOB1187B9B78C1,ff44f779-74ab-48f8-aac3-39ebe8f7c18e,Digable Planets,261.11955,0.713868675,0.45116292,0,196901,-1,0
TRMHSWE128F42AD889,O Manolis,SOKMXIV12A8C140B3C,Disko Partizani,ARFCYCX1187FB3A704,fc79b760-fc4a-4efa-b0e5-f0387d7cd25f,Shantel,227.5522,0.692455169,0.39575518,2007,1273833,-1,0
TRMHSQV128F9337B3D,All You Need Is Me,SOMQKFF12B0B80B2BD,Years Of Refusal,AR914BW1187FB45A1B,013fa897-86db-41d3-8e9f-386c8a34f4e6,Morrissey,192.7571,0.772229399,0.557766778,2008,4109937,-1,0
TRMHVQO128F92FE2C2,Busy Child,SOWCEQC12AF72A2B64,Vegas - (10th Anniversary Edition),ARNRPI31187B9AC699,aaf09f31-bb5c-43e5-9f54-bb6554c33a71,The Crystal Method,444.62975,0.740796632,0.555741673,1997,6836881,-1,0
TRMHVFF128E078AFCD,The Boy Is Mine (Duet With Monica) (LP Version),SOFWRIC12A6701E9EE,Never Say Never,ARHUXPN121318C57F6,,Brandy duet with Monica,291.39546,0.858761958,0,0,128792,-1,0
TRMHVGV12903CC68D2,Wonderwall,SOBJSLW12A6D4F9158,Kids Lullaby Pac,ARGHBVV1187FB4D57A,c80f38a6-9980-485d-997c-5c1a9cbd0d64,Ryan Adams,248.5024,0.850945477,0.60709944,2003,7472008,-1,0
TRMHVYM128F93234B3,Don't Walk Away,SOUBEXV12AB01804A4,Hannah Montana The Movie,ARYAVBS1187FB5B46C,7e9bd05a-117f-4cce-87bc-e011527a8b18,Miley Cyrus,166.47791,0.877591126,0.711128208,2009,4593364,-1,0
TRMHVXG128F9321308,Cartoon Heroes,SOOZHTM12A6D4F910E,Hits'n'Kids,AR7WSQE1187FB4CF08,c2aa7d6f-ea94-4ee1-b138-deab27b280d3,Aqua,218.48771,0.776289114,0.569596033,0,6981018,-1,0
TRMHDMI128F4237574,Love Me For Me (Album Version),SOCBZXJ12A58A7ACB6,Headstrong,ARW8LQ71187B99BFC6,1fa14a96-c25c-4bb7-b94d-ff453519eab3,Ashley Tisdale,225.07057,0.828271929,0.500454598,2007,1377265,-1,0
TRMHDLW128F92F9922,Ghosts (Demo),SOXXNPL12AB017DB4A,Lungs,ARNCHOP121318C56B8,318800be-8f93-4f9e-82f6-3f551598aa93,Florence + The Machine,178.49424,0.818803869,0.759102227,2009,5375097,-1,0
TRMHOWV128F92C1ECE,Dear Jamie...Sincerely Me,SOVVXHG12A8C141D61,Here (In Your Arms),ARCE0IX1187FB528B4,3fa7095b-4447-465e-a784-14b07789d7a1,Hellogoodbye,261.74649,0.83359172,0.574531374,2006,3533217,-1,0
TRMHOSA128F42414B2,A Dream,SOSFGBT12A8C132D50,Seasons Greetings (Seasons Version),ARFSFUS1187B99101C,e91dcb84-c905-4f03-a9ec-c1ecd55ff3ed,Rebecka T?rnqvist,169.37751,0.535284719,0.357019812,0,2082964,-1,0
TRMHOWW128F4284897,I'll Write A Song For You,SOPMZAM12A58A7C56B,Super Hits,ARVWJM61187B9B7715,535afeda-2538-435d-9dd1-5e10be586774,Earth_ Wind & Fire,319.50322,0.7123291,0.550917938,1977,3298935,-1,0
TRMHXBU128F932A16D,Burnin' Up,SOPKTEV12A8C141E33,2009 GRAMMY Nominees,ARWQ4AM1187B9AD5F8,6e019bc6-5c23-4935-94f0-4a896631d846,Jonas Brothers,175.12444,0.881245446,0.629804529,2008,4045696,-1,0
TRMHXOO128F429E96A,Nude As The News,SOLAHSV12A8C1341B1,What Would The Community Think,AR91NIO1187FB4D732,05755bf1-380c-487f-983f-d1a02401fa28,Cat Power,263.3922,0.80679225,0.51786632,1996,1193019,-1,0
TRMHKSL128F423F5F2,Song Of Hope (Heaven Come Down),SONNMAM12A8C131C4E,Texas Sized Worship,ARHG3RJ1187B995079,93f8727c-23d2-49f8-9d7a-9bc206bca9e2,Robbie Seay Band,325.642,0.651410229,0.459304187,2007,2660642,-1,0
TRMHKKP128F426974F,Bullet Tells The Truth,SOAOOWF12A8C1347EC,Man On Fire,AR71A931187B99CDD9,8974da95-e631-45aa-8fd7-aa0c2795f997,Harry Gregson-Williams,95.84281,0.622874939,0.461245798,2004,3185174,-1,0
TRMHKSZ128F935A3D6,Skorpion,SOTNQFW12AB0183BD9,2004/4/2,AR10KWE1187FB37CA9,ae58b0f3-cb41-4ec8-a201-a8f8f2f0e68f,Postgirobygget,206.18404,0.486851579,0.413398413,2001,7215693,-1,0
TRMHKME128F93176E5,Smile,SOZEOAM12A58A79EF7,Smile,ARA76DO1187FB57EDF,fa5b11ff-a987-4e95-a7ad-d5e0d615cd38,Hocus Pocus / Omar,201.61261,0.70552924,0.439153119,0,5500401,-1,0
TRMHKBT128F932478F,Fool (If You Think It's Over) (LP Version),SOLDRLP12A6701CE5E,Love In The 70's,AR3793X1187FB50CB3,c707b37e-cb5c-4694-be4d-46beefcb2475,Chris Rea,244.29669,0.643182773,0.500246179,0,4015185,-1,0
TRMHYXL128F423739F,Wave Goodbye (Real/Rhapsody Version),SOPJGJE12A5891F834,Live In The Studio,AR7GORQ1187B992A58,cde5228d-8d6d-48a6-8d60-2c9968fa90ff,Steadman,234.1873,0.544387774,0.374991116,0,1376482,-1,0
TRMCMYP128F145BC3D,The Maestro,SOMMONH12A6D4F41CD,Check Your Head,ARLHO5Z1187FB4C861,9beb62b2-88db-4cea-801e-162cd344ee53,Beastie Boys,172.22485,0.853124523,0.591628024,1992,253738,-1,0
TRMCMTV128E078C118,Southern Cross  (LP Version),SOULRND12A670205EF,Greatest Hits,ARSFKG71187FB3D66F,cfafad90-b736-4c74-8ded-f3f4d7b2c792,Crosby_ Stills & Nash,284.29016,0.703818111,0.474953564,2005,135068,-1,0
TRMCMRW12903CBD2B1,Love Me Like You Mean It (LP Version),SOXNRNY12AB018458F,How Lucky I Am,ARG09R51187FB4D5C2,e03c5f07-71e9-4e3c-a9fd-2a90e61d2f2e,Bryan White,208.27383,0.598726841,0.426892681,1999,8408997,-1,0
TRMCWPE128F9315B1C,Earthquake (album version),SOCNWMM12AB0185608,Hands,ARARSBV11E2835C8DE,edbc42ea-6040-4414-8c4c-9eb7d503f64c,Little Boots,244.34893,0.769782953,0.55861545,2009,5043343,-1,0
TRMCWUD128EF3421A9,Rupi's Dance,SOMZKLP12A67AD7465,The Best Of Acoustic Jethro Tull,ARYO9VH1187FB4CF12,6971c796-127c-405e-b082-7bfb97746d92,Ian Anderson,180.61016,0.571833346,0.387954137,0,714931,-1,0
TRMCGDH128F92F0650,Just To Get High (Album Version),SOCNRNO12AB01800D0,Dark Horse,ARPAAHK1187B9ABB00,bc710bcf-8815-42cf-bad2-3f1d12246aeb,Nickelback,242.07628,0.847451713,0.779968005,2008,3755139,-1,0
TRMCGYB128F92FACD0,I'll Follow You Tonight,SODXOFP12A67AE0AA1,Somebody Outside,ARAB79K1187B99D3EC,3eb72791-6322-466b-87d3-24d74901eb2d,Anna Ternheim,182.04689,0.69857744,0.471263069,2003,3812446,-1,0
TRMCHUS128F4285848,I Can't Hold Back,SOGMJOE12A8C137C2D,Survivor Greatest Hits,AR9ROYN1187FB4D9F1,dded11f4-f525-4e81-b41f-4bfdf27ccf3d,Survivor,238.21016,0.755065647,0.536243669,0,3302952,-1,0
TRMCCJT128E079251A,No One,SOBCGRY12A6701DE8E,13 Ways To Bleed Onstage,ARIWBIW1187FB565E9,dc4ee3bc-f75d-40a8-9882-0c00c728d811,Cold,197.27628,0.769619506,0.506389243,0,163525,-1,0
TRMCCXH128F427AD17,Mi Princesa,SORYNAN12A8C13CA99,Mi Princesa,ARBCMHU1187B98B61F,c3af32d2-025b-4478-9f26-8b242f4b21cc,Gondwana,262.5824,0.686461806,0.401056451,2004,1686614,-1,0
TRMCRHR128E0781333,Latin Simone (Que Pasa Contigo),SOTOUSZ12AF729E225,Gorillaz,ARAXU5Z1187B98FECD,e21857d5-3256-4547-afb3-4b6ded592596,Gorillaz,217.57342,0.775086058,0.605191153,2001,4938,-1,0
TRMCRJT128F4254260,Needy Girl,SOHTLBP12A8C1360DD,Needy Girl,ARAGT961187FB4193B,647221d0-f6b1-4e03-924c-c59b8059536f,Chromeo,426.68363,0.807528141,0.485403744,2003,2163958,-1,0
TRMCRUP128F930917E,Ojos De Video Tape,SOQSYFG12AB0184A1C,Superheroe,AR7NNKG1187FB4AA1C,dd999ced-1dd4-44b8-ab67-ee5ec23e52b7,Charly Garc¨ªa,216.24118,0.620027189,0.499409082,1983,3883587,-1,0
TRMCRJO128F4281A50,Snow,SOKDONL12A58A79E60,Fisherman's Woman,ARX395D1187FB41D91,b2a9731b-9e13-4ff9-af21-5e694a5663e8,Emiliana Torrini,118.88281,0.723279138,0.524417303,2005,2948278,-1,0
TRMCBNX128F92DFCC4,Stay,SONPIFD12A67AD8652,Stay (Bonus Version),AR198711187B9AD09F,a9100753-f539-43cf-bcc9-579566fb512e,Simply Red,184.37179,0.731590592,0.498563611,2007,5267683,-1,0
TRMCFKV128F1476A25,Casting Such A Thin Shadow,SODDNWO12A6D4F8682,Define The Great Line,ARPFK3E1187B9A43BF,674a7e8c-9682-419a-8e05-2358e28b5359,Underoath,373.81179,0.815977973,0.63541332,2006,384280,-1,0
TRMCFBP128F4214801,Money (featuring Gary "Nesta" Pine & Dollarman),SOFKNVA12A6D4FA879,Dub Side Of The Moon,AR9SU0S1187FB53D0F,0cee95e3-a61d-4cd1-a39c-75464a05b606,Easy Star All-Stars,386.21995,0.644478695,0.495729359,2003,2472361,67496,3414
TRMCQNQ12903CC5C9C,One Way Trip,SOSLAJE12AB018DA78,Rebirth,ARUDYKB11F4C83C269,fb24c7ff-b5dd-48b9-be49-2676770c802c,Lil Wayne / Kevin Rudolf,278.56934,0.98993857,0.843430844,0,7468879,-1,0
TRMCIXG128F92E36EB,Rage!,SOWKLEE12A81C232AC,She's in Control,ARAGT961187FB4193B,647221d0-f6b1-4e03-924c-c59b8059536f,Chromeo,274.31138,0.807528141,0.485403744,2004,4823888,-1,0
TRMCIUL12903CC4139,Miedo,SOHWJGJ12AB0185BBA,Nuevos Ricos Compilation 1,AR55I5W1187FB4F27E,1425af32-a2b8-465f-8185-5ba68d1226d9,Maria Daniela Y Su Sonido Lasser,287.26812,0.69438482,0.437400457,2005,7949506,-1,0
TRMCIPB128E0785E20,Too Much Love,SOGLBQA12A6701E7AF,LCD Soundsystem,ARFIU2R1187B9927F9,2aaf7396-6ab8-40f3-9776-a41c42c8e26b,LCD Soundsystem,342.41261,0.764882429,0.614346006,2005,85112,-1,0
TRMCNML128EF35191B,Saving Grace,SOFVHFL12A6D4F7B77,Treasure Box : The Complete Sessions 1991-99,ARCBIPV1187B9AC2D1,c98d40fd-f6cf-4b26-883e-eaa515ee2851,The Cranberries,192.31302,0.830759466,0.577364124,1999,793737,-1,0
TRMCNYR128F9307FFF,Revolving Door,SOJTXVS12AB0179B2D,The Gift Of Game,ARNDQQ41187B9AE635,8996b655-fbad-4018-b430-1bd8fab43235,Crazy Town,220.47302,0.699954886,0.508306727,1999,5921325,-1,0
TRMCPVR128F9309A62,Everything Will Be Alright,SOWEWCO12A8C14074E,Hot Fuss,ARVG4OK1187B9B6BD3,95e1ead9-4d31-4808-a7ac-32c3614c116b,The Killers,344.78975,0.918451789,0.828906302,2004,4465257,-1,0
TRMCPGG128F92D5079,I'm His Only Woman,SOCNMGE12A8C14609E,Jennifer Hudson,ARRIH6E1187B99E434,95b5d5b5-46c4-4c3e-89d5-ffe9236427ac,Jennifer Hudson featuring Fantasia,257.67138,0.792294819,0.577611321,2008,3621783,-1,0
TRMCPCH128F932B09B,Amazing,SOCKJWI12AB018006A,100 R&B Classics: Original Anthems,ARAIABB1187B9AC6E2,f053ae01-dae6-4aae-9883-e8c279fdbef4,Seal,183.24853,0.567313224,0.57560317,2007,6066780,-1,0
TRMCPFB128E079491F,Crazy (Live),SOIAAOG12A67AD7192,Homebrewed: Live From The Pabst,ARKL75U1187FB5B8B6,84c38d3a-3400-4c28-b988-90558bb6fae0,BoDeans,275.12118,0.617608694,0.405967369,0,173793,-1,0
TRMCTYQ128E07921DC,Big Yellow Taxi,SOUDGEV12A8C135FC9,Films About Ghosts (The Best Of Counting Crows),ARLY7P81187B9ACF4D,a0327dc2-dc76-44d5-aec6-47cd2dff1469,Counting Crows / Vanessa Carlton,225.54077,0.778865099,0.591739691,2002,162713,21,20
TRMCTNM128F429358E,Running Up That Hill,SOCEEQV12A58A79861,Night Drive,AR2D7TS1187FB560F1,c89ea689-c053-4d97-bada-8b81a6236f58,Chromatics,366.8371,0.663385929,0.423280382,2007,2449449,68173,14853
TRMCUTC128F427B5C8,Rain Down,SOAZVHS12AB0181168,Worship For Drive Time,ARUHT3M1187FB44FB4,2393e891-c63c-4654-b7a9-c5fb9dc0c8a0,Delirious?,290.71628,0.674854147,0.511707269,2003,2338257,-1,0
TRMCUSI128F429549E,Say ( LP Version ),SOMCKDQ12A8C13BD4D,In Blue,AROVU6Z1187B9AE74E,acf6c776-d0f6-4239-b5a2-a45a613ffa52,The Corrs,273.84118,0.687686738,0.513196187,2000,1140416,-1,0
TRMCUTS128F1495E17,Kiss (LP Version),SOESZWS12A6D4F910C,The Hits/The B-Sides 3,ARJ3CTF1187B9A1F2E,4c8ead39-b9df-4c56-a27c-51bc049cfd48,Prince & The Revolution,227.65669,0.831928855,0.485444751,0,560524,9116,9116
TRMCLZL128F931A706,You Were The King_ Now You're Unconscious (Album Version),SOCVKJM12AAA15FD2F,Congregation of the Damned,ARMOHN71187FB3959F,17e137fb-59e5-4fd7-af48-afc34995396c,Atreyu,308.37506,0.821844255,0.592439486,2009,6953336,-1,0
TRMCLMC128F429C909,Tonys Theme (Remastered),SOOVKNW12A8C13F83C,Surfer Rosa (Remastered),AR1E9AW1187B9AC8F6,b6b2bb8d-54a9-491f-9607-7b546023b433,Pixies,115.01669,0.780666588,0.554501222,0,1182042,-1,0
TRMCERZ128F425EA28,Take A Bow,SOAIGGC12A8AE46C4F,Spirit,AR7R9CZ1187FB49EC2,8d552dfc-648f-401f-90de-e925013ca537,Leona Lewis,234.13506,0.917254655,0.602637393,2007,3124751,-1,0
TRMCEJS12903CAC331,Hills And Valleys,SOUDDRH12AB0180504,Of Men And Angels,ARBKU7G1187FB5261B,9fdd9163-9824-413e-91ad-d01e561b4078,The Rocket Summer,225.2273,0.828369384,0.595429414,2010,8339251,-1,0
TRMCJFS128F92E7709,Heaven Sent,SOTFSIC12AB0180F22,Take It To The Limit,AR6CBBT1187B9B467D,b2704b11-9e3f-4785-abbd-4191653113a8,Hinder,221.20444,0.878461481,0.654251876,0,3705953,-1,0
TRMCJPG12903D00632,Wake Up,SOFZJXJ12AB018154D,No Time To Bleed,ARLZ6KG1187B9940A6,4fd53e84-ffa1-4434-9146-3fab25ece7e0,Suicide Silence,227.83955,0.729402225,0.586996031,2009,8197031,-1,0
TRMCJQB128E0781032,Spitting Games,SOPFBUZ12AF729C896,Final Straw,ARVN9FZ1187FB393F1,a66999a7-ae5c-460e-ba94-1a01143ae847,Snow Patrol,229.85098,0.818319359,0.706134503,2003,4082,-1,0
TRMCSDZ128F424C5AA,Undeclared,SOYFUGN12A6D4FE4E0,Visiter,ARMJY181187FB55038,c310b8e8-468f-4189-9b72-9589a2ff275d,The Dodos,112.79628,0.731536444,0.472695375,2008,3039529,-1,0
TRMCVRN128F9305A54,Sr. Cobranza,SOFLCPH12A8C145125,Libertinaje,AR02YGA1187B9B8AC4,e90428f4-29ef-47b4-a081-75e415f51037,Bersuit Vergarabat,259.7873,0.615504103,0.439836359,1998,3863492,-1,0
TRMCVFZ128F9366C6C,Ugly Girls,SOJSFUH12AB018B9E0,Natural,AR98ZSW1187B98E82C,420d3925-d900-422b-8aa1-1041863bb303,Kalle Baah,273.76281,0.505492574,0.3997134,1992,7267241,-1,0
TRMCDYI128E078BE17,Our Ride To The Rectory (Album Version),SOEZVNX12A6701F48D,Team Sleep,AR4ZB9N1187FB384EF,b1168a9c-a946-4a5c-a005-62fc632dfa0c,Team Sleep,280.58077,0.710870663,0.473546519,2005,133934,-1,0
TRMCDIR128F427C56E,Won't Back Down,SOYAOUO12A8C136348,Natural Selection,ARCEAJY1187FB4DF61,f3a278e2-0b20-4f99-8acd-0931df3cbffd,Fuel,204.38159,0.770493963,0.519953001,0,3265030,-1,0
TRMCOJO128F9330F7C,RoboCop,SOTGKTG12AB0189D2E,808s & Heartbreak,ARRH63Y1187FB47783,164f0d73-1234-4e2c-8743-d77bf2191051,Kanye West,274.41587,0.877213746,1.082502557,2008,4658356,-1,0
TRMCKFW128F92EC21C,North Sea Storm (Live),SOFRZBI12A8C145A85,The Avenger (Bonus Edition),ARGSXDC1187FB3EFC4,5b687684-ad34-4a9f-b425-0e7aa81fbd38,Amon Amarth,312.29342,0.833043697,0.500403123,0,5318931,-1,0
TRMCYOC128F147B791,Storm [Featuring Edan and Mr. Lif] (Album Version),SOAAMTH12AF729D4E5,The Audience's Listening,AR0GBPP1187B9AF4A1,e0975164-e68b-45d6-9854-d5d0ce84e671,Cut Chemist,208.87465,0.665316316,0.468483222,2006,410471,-1,0
TRMRMAR128F931BAF4,Tidal Wave,SOSSNRI12AB0182B1A,Ocean Eyes,AR0WLH6119B8669027,ad279295-653f-42e1-9aaa-b731df2e78ba,Owl City,190.17098,0.830278936,0.69352472,2009,6003369,-1,0
TRMRMQK128F9335458,El Viento Trae Una Copla / Siempre Triunfar¨¢ El Amor,SOFKNVT12AB0182266,La Argentinidad Al Palo,AR02YGA1187B9B8AC4,e90428f4-29ef-47b4-a081-75e415f51037,Bersuit Vergarabat,502.7522,0.615504103,0.439836359,2004,4096641,-1,0
TRMRMRN128F428440A,Bleed,SOSNWER12A8C13B75B,ObZen,ARFSVL51187B9B00F2,cf8b3b8c-118e-4136-8d1d-c37091173413,Meshuggah,442.72281,0.843593743,0.527209381,2008,2382052,-1,0
TRMRMQT128F4294C4F,The Get Go,SOAOZNR12A8C13B456,Fantastic Playroom,ARTSGMN1187FB46CAA,61cd6f2a-cdde-4f34-aacd-b992badcacba,New Young Pony Club,267.65016,0.704172661,0.529306269,2005,1137899,-1,0
TRMRWRC128F423049B,Had Stupid,SOJLXFI12A6D4FD349,Alkac je nejvetsi kocour aneb nekolik pisni o lasce,ARWHAT91187FB3FB38,1a831d81-ee6a-44bf-b5a0-c1960699af11,Tri Sestry,97.72363,0.459886113,0.404264715,1991,1333740,-1,0
TRMRHBY12903C9FFFD,Indiana Wants Me,SOVRZOW12A6D4FCB78,150 Rock 'N' Roll Classics,ARGK83R1187FB39611,a67b2281-f999-4a4e-93ce-3fdafbcc0d39,R. Dean Taylor,186.51383,0.518705237,0.365033555,1970,7312193,-1,0
TRMRHKC128F427D5EC,No Me Ensenaste,SOMGJAD12A8C13A9A6,Thalia,AR6VHEC1187FB5AC0D,2cbd4bf3-26cd-4c37-98a9-d09863357bc6,Thalia,269.16526,0.746275912,0.57707186,0,1696967,-1,0
TRMRHPL128F42890D1,Not Falling Apart,SOURJIK12A8C138182,It Won't Be Soon Before Long,ARF5M7Q1187FB501E8,0ab49580-c84f-44d4-875f-d83760ea2cfe,Maroon 5,243.66975,0.905477001,0.843380274,2002,1077420,-1,0
TRMRCBH128F92F22E5,Sweet Dream,SOJXDXV12AB017DA73,Three Flights from Alto Nido,ARG6AM01187B98A91B,999fa2c4-d978-4c7d-8201-c746cbd5b23b,Greg Laswell,67.52608,0.724556536,0.493867713,2008,4344349,-1,0
TRMRCYF128E079247F,Estranged,SOOZADV12AF729E506,Live Era '87-'93,ARM7EDF1187B9B3FA1,eeb1195b-f213-4ce1-b28c-8565211f8e43,Guns N' Roses,591.96036,0.844085061,0.71366982,1991,163373,53431,53431
TRMRRDR128F4227C2F,Streets Of Gold (Album Version),SOZCXKP12A6D4FBB42,The Heat,ARNZPSB1187B9B3CE1,c5c2f1bb-09db-429f-8f77-ed9dfe39a36b,NEEDTOBREATHE,209.8673,0.741118553,0.600486324,2007,1281555,-1,0
TRMRREG128F4231A3D,Porno Disaster,SOQISNQ12A8AE45F4C,Identification Parade,AR5JDDD1187FB460C4,aaf92b5a-199c-4b1b-969d-7a915ffb6f0f,Octopus Project,149.91628,0.728578137,0.468772752,2002,2604307,-1,0
TRMRRIY12903CE75FA,Pretend [Reprise] (Album Version),SOPMBOB12A58A7D283,The Listening,AR9VDIR1187B996AC8,dfcb8d48-6cc8-43eb-b4e2-eac68797c60b,Lights,185.12934,0.624295184,0.551149343,2009,6632319,-1,0
TRMRFHM12903CA8E18,Just One Second (Apex Remix),SOQZOIE12AB01859CF,Sick Music,ARQQEXK1187B993A7A,0356daee-ec48-4495-bc3e-460b8a5eacad,London Elektricity,377.83465,0.592051751,0.461831082,2009,7837549,-1,0
TRMRQSF12903CE4500,I Found A Whistle,SOPDTVU12AB018D1B4,Congratulations,ARI3Y821187FB3649C,c485632c-b784-4ee9-8ea1-c5fb365681fc,MGMT,220.18567,0.830601946,0.686812712,2010,8569616,-1,0
TRMRQCQ128F42AECCD,Solar Flare,SOQKSZE12A8C13DC20,Don't Tread On Me,ARDRXUM1187FB4D131,bf600e2b-dc2d-4839-a1be-6ebef4087cd0,311,191.79057,0.841515979,0.510220054,2005,3474489,-1,0
TRMRQMQ128F42AA222,Scratch Bass,SOKHYIN12A8C13E5FC,What Sound,ARSDPQX1187FB3F2E4,d0cd81a5-0d64-404e-9bd3-932c019694b3,Lamb,287.63383,0.732409432,0.507956992,0,3455348,-1,0
TRMRQKL128F93471DB,Astronaut,SODJMNX12A8C1320C4,Devotion,ARWCIEL1187FB42EF5,d5cc67b8-1cc4-453b-96e8-44487acdebea,Beach House,304.53506,0.789323185,0.537650625,2008,5247715,-1,0
TRMRZOK128F42992B9,Alley Oop (Girls Version) (2007 Digital Remaster),SOMTVRZ12A8C13A987,The Doughnut In Granny's Greenhouse,ARTC1LV1187B9A4858,2fe8f530-861d-40ff-ac74-51f7e2701965,The Bonzo Dog Band,152.13669,0.531489864,0.286567249,1968,1161346,-1,0
TRMRZAE128F92E3698,La Femme Parallel,SOHAXHM12A8C141E89,Music For Cocktails - Elite Edition,ARVTCS91187FB44DF6,a505bb48-ad65-4af4-ae47-29149715bff9,Thievery Corporation,269.16526,0.778079975,0.5618615,2008,5770605,-1,0
TRMRZNF128F4260D50,Demonios,SOCGVSE12A8AE47E9C,Mas Destrangis,ARZ4Y2H1187FB3C36F,49fc7e46-5441-4b7e-996a-12dddf22a632,Estopa,224.49587,0.626821327,0.388752603,2001,3133899,-1,0
TRMRZOR12903CF2EA6,Tangerine,SOZXVIM12AC9072DE7,Ilabel Presents Acoustic Chill - Compiled By Chris Coco - 23 Chilled Festival Folk Gems,ARBDKOI12086C14B65,e4466078-fb0f-4899-98a2-7c7dfeb14714,First Aid Kit,187.97669,0.689282052,0.402493475,0,6679706,-1,0
TRMRIKU128F92FA7C3,You Only Live Once,SOUTGUB12AB017DC5B,You Only Live Once/Mercy Mercy Me,AR9O98A1187FB39621,f181961b-20f7-459e-89de-920ef03c7ed0,The Strokes,187.34975,0.80704348,0.587194102,2005,4920124,-1,0
TRMRIBZ128F4214813,Great Dub In The Sky,SOZWMNZ12A6D4FCD0D,Dub Side Of The Moon,AR9SU0S1187FB53D0F,0cee95e3-a61d-4cd1-a39c-75464a05b606,Easy Star All-Stars,261.58975,0.644478695,0.495729359,2003,2472379,-1,0
TRMRAGL12903CBB69F,I Walk Alone,SOQRYOL12A8C13ECAC,RAW Greatest Hits The Music,ARP3XW41187FB40636,6e650a01-6489-4dc8-85e1-8ec809dd72a2,Saliva,248.34567,0.860849895,0.555047256,2006,7425646,-1,0
TRMRAHR128F428ABA2,Trying To Find A Balance,SORCSTK12A8C13A0F7,Seven's Travels,ARZYMH91187B99CEFC,f77ff758-01ca-4fa5-acf8-cd741f986d1c,Atmosphere,257.38404,0.879475075,0.604420318,0,1083537,-1,0
TRMRNAS128F9343251,Ignition,SOVCOYG12AF72A065D,Chocolate Factory,ARLMXEA1187B9A7D04,c2d25856-a09a-4d15-b404-77dd19c19e63,R. Kelly,186.06975,0.811092053,0.783843023,2003,6166238,-1,0
TRMRNVI128F4229E3F,Umoja,SOWONQS12A6D4FC79A,The Spirit of Togetherness,ARBOHIY1187B9A6151,8bfc3c9b-874f-470a-9c00-52f7309eb4df,UMOJA,235.04934,0.229791833,0.291861081,2004,1294096,-1,0
TRMRNRU128F42654C1,Dirty Laundry (Original),SOVHXHT12A8C13C473,Dirty Laundry (Single),ARQ2PIG1187B9AB6DC,dcebc476-b53c-42ee-9251-f946a4c3cea2,Bitter:Sweet,202.84036,0.702753913,0.427222368,0,2826013,-1,0
TRMRPTF128F14543AC,East Man Skank,SOKZRTZ12A6D4F619C,In The Dub Zone,AR7DBMA1187FB516B1,cf16d0a3-9d9c-44d4-b610-f0baccc27912,Ja-Man All Stars,202.78812,0.769098837,0.487848389,0,219361,-1,0
TRMRPIA128F147A030,Endlessly_ She Said,SORQVOE12A6D4F5742,DECEMBERUNDERGROUND,AR2FAMK1187FB4CF60,1c3919b2-43ca-4a4a-935d-9d50135ec0ef,AFI,266.84036,0.909247283,0.554938522,2006,401853,-1,0
TRMRUDG12903CBD7B8,Bodies and Minds,SOPJJHT12A8C13F776,Bodies and Minds,AR98J891187B99C3B6,64deac19-021e-4dc1-8d11-658be8763589,Great Lake Swimmers,228.54485,0.713727711,0.53286935,2005,7922458,-1,0
TRMRUSB128F9319310,Thorough Fare,SOWWNBQ12AB017B5FD,Greatest Hits,ARO4XYR1187B98D596,dfecf546-e7ec-46d4-8372-c1e7864ec406,Don Drummond,177.10975,0.563660046,0.380761583,1998,6948225,-1,0
TRMRLCW128F930C530,Stay With You,SOGMFND12A58A7A543,Summer Sessions,AR5BPPP1187B9ACB9B,4cbbf0d6-6c78-4e3d-ab25-91b13603cf7c,Lemon Jelly,371.01669,0.692317642,0.478051748,2005,5454767,-1,0
TRMRLEP128E0797FD4,I'm Alive (Album Version),SOQVIEV12A67AE2288,Ten Thousand Fists,ARLNLD51187B98DEC5,4bb4e4e4-5f66-4509-98af-62dbb90c45c5,Disturbed,282.04363,0.855162594,0.700497069,2005,193096,-1,0
TRMRLSI128F424C4CD,Volaras,SOORTTS12A6D4FED61,En Estos D¨ªas...,ARDRT321187B98E34D,bfc6de1c-b4e1-4644-8ff3-408acaeab378,Illapu,222.35383,0.533983872,0.334787155,0,3039308,-1,0
TRMRJFI128F14A4734,Mirage,SOMFOEA12A6D4FB6AF,Anthology,ARLDW2Y1187B9B544F,a13c01e2-7739-4b25-af65-38e2fcb560e2,Tommy James And The Shondells,158.87628,0.620392056,0.390660523,1967,625481,-1,0
TRMRSTA128F931B0A6,Insomniac Olympics,SORZHCA12AB01846E3,Music By Cavelight,ARARH0C1187B99E149,3bd76ebe-c7dc-47bd-a8af-9e46d2a4f782,Blockhead,306.59873,0.716493545,0.510209406,2003,3970220,-1,0
TRMRSSH128F93280C0,Come On,SOEGXYE12AF729D9FF,The Rolling Stones Singles Collection: The London Years,ARFCUN31187B9AD578,b071f9fa-14b0-4217-8e97-eb41da73f598,The Rolling Stones,108.48608,0.814829656,0.735765693,1963,5119319,-1,0
TRMRDSA128F933A34F,Swedish Sin,SOWNEPL12AB0185B83,I Used to Wander These Streets,AR2RFZP1187FB4B33E,18c2200e-0acf-4ef9-95c9-ff797a23214b,Billie The Vision & The Dancers,157.88363,0.557975098,0.441960103,2008,6129504,-1,0
TRMRXKZ128F4266269,City,SOIUVMN12A8AE47414,Little Voice,ARQ32IT1187FB589D3,e54be6b7-5c26-4b47-bb3f-c137429b9b55,Sara Bareilles,273.81506,0.782098398,0.728923415,2004,3163308,-1,0
TRMRKQH128F4272AD1,La murga,SOLSGRA12A58A79FFD,Salsa les titres essentiels !,ARPVMJZ1187FB48D2D,f1edfbed-9315-4550-859c-599cc3fdee57,Willie Colon,334.00118,0.641289667,0.497696356,1972,2881897,-1,0
TRMRYHX128F146681A,Lazy Day,SOWZXLQ12A6D4F73FE,Hand On The Torch,ARQCSP31187B9A17ED,b370defd-86cc-42f3-85b4-7c2a8305c04a,Us3,280.68526,0.686350896,0.474644868,1993,303761,-1,0
TRMRYWD128F424C1D8,Of Beauty's Embrace,SOVBYUL12A8C133636,Towards the Twilight,ARNJBXZ1187B9965B4,2bedfd39-1023-4472-81d9-de676979b987,Night In Gales,260.04853,0.493689624,0.355336269,1997,1486001,-1,0
TRMBMMG128F42962F4,Your Brains vs. My Tractorbeam (Album Version),SOGPZSM12A8C13A1F9,Numbers & Mumbles,ARM4QCM1187B98BC38,ce660ac5-0b6a-4e5f-ad2a-628a9002cce5,Say Hi To Your Mom,187.402,0.621172336,0.430026888,2004,1145869,-1,0
TRMBMXF128F42927FF,Y'a Une Fille Qu'Habite Chez Moi,SOVVNSS12A58291F72,Benabar,AROGAPH1187B98CF9C,93942b87-215a-4626-b5ec-bf129d9fa2f6,Benabar,231.73179,0.609294155,0.373060493,2001,3357231,-1,0
TRMBWXW128F1452C8E,What They Do,SOIYBYP12A6D4F7761,Home Grown! The Beginner's Guide To Understanding The Roots Volume 1,AR8RXRI1187FB4104B,a9667e1a-cc53-412e-ae6d-72e24b79cfa8,The Roots,314.80118,0.862795414,0.600282491,0,211038,-1,0
